-- phpMyAdmin SQL Dump
-- version phpStudy 2014
-- http://www.phpmyadmin.net
--
-- ä¸»æœº: localhost
-- ç”Ÿæˆæ—¥æœŸ: 2018 å¹?09 æœ?12 æ—?09:19
-- æœåŠ¡å™¨ç‰ˆæœ¬: 5.5.53-log
-- PHP ç‰ˆæœ¬: 5.5.38

SET SQL_MODE="NO_AUTO_VALUE_ON_ZERO";
SET time_zone = "+00:00";


/*!40101 SET @OLD_CHARACTER_SET_CLIENT=@@CHARACTER_SET_CLIENT */;
/*!40101 SET @OLD_CHARACTER_SET_RESULTS=@@CHARACTER_SET_RESULTS */;
/*!40101 SET @OLD_COLLATION_CONNECTION=@@COLLATION_CONNECTION */;
/*!40101 SET NAMES utf8 */;

--
-- æ•°æ®åº“: `back`
--

-- --------------------------------------------------------

--
-- è¡¨çš„ç»“æ„ `self_cus_base`
--

CREATE TABLE IF NOT EXISTS `self_cus_base` (
  `id` smallint(5) unsigned NOT NULL AUTO_INCREMENT COMMENT 'å®¢æˆ·id',
  `phone` char(11) COLLATE utf8_unicode_ci NOT NULL COMMENT 'æ‰‹æœºå·',
  `pass` char(32) COLLATE utf8_unicode_ci NOT NULL COMMENT 'å¯†ç ',
  `is_del` char(1) COLLATE utf8_unicode_ci NOT NULL DEFAULT '0' COMMENT 'æ˜¯å¦åˆ é™¤,åˆ é™¤ä¸º1',
  PRIMARY KEY (`id`)
) ENGINE=InnoDB  DEFAULT CHARSET=utf8 COLLATE=utf8_unicode_ci COMMENT='å®¢æˆ·ç™»å½•è¡¨' AUTO_INCREMENT=6 ;

--
-- è½¬å­˜è¡¨ä¸­çš„æ•°æ® `self_cus_base`
--

INSERT INTO `self_cus_base` (`id`, `phone`, `pass`, `is_del`) VALUES
(1, '12345678915', 'be33d98a0d9f0dfc2d4b52f64a4603a2', '0'),
(2, '12345678913', 'be33d98a0d9f0dfc2d4b52f64a4603a2', '0'),
(4, '', 'be33d98a0d9f0dfc2d4b52f64a4603a2', '0'),
(5, '12345612345', 'be33d98a0d9f0dfc2d4b52f64a4603a2', '0');

-- --------------------------------------------------------

--
-- è¡¨çš„ç»“æ„ `self_cus_detailed`
--

CREATE TABLE IF NOT EXISTS `self_cus_detailed` (
  `id` smallint(5) unsigned NOT NULL COMMENT 'å®¢æˆ·id PRIMARY KEY',
  `cid` smallint(5) unsigned zerofill NOT NULL COMMENT 'å®¢æˆ·æ‰€å±å’¨è¯¢å¸ˆid',
  `tid` smallint(5) unsigned NOT NULL DEFAULT '0' COMMENT 'å®¢æˆ·çš„æ¨èäººid',
  `wx` varchar(40) COLLATE utf8_unicode_ci NOT NULL COMMENT 'å®¢æˆ·å¾®ä¿¡å·',
  `n` varchar(20) COLLATE utf8_unicode_ci NOT NULL COMMENT 'å®¢æˆ·åç§°',
  `is_wx` char(1) COLLATE utf8_unicode_ci NOT NULL DEFAULT '0' COMMENT 'å®¢æˆ·å¾®ä¿¡æ˜¯å¦éªŒè¯ï¼ŒéªŒè¯åä¸º1',
  `money` varchar(10) COLLATE utf8_unicode_ci NOT NULL DEFAULT '0' COMMENT 'ä½£é‡‘',
  `t` datetime NOT NULL COMMENT 'æ³¨å†Œæ—¶é—´',
  `age` tinyint(3) unsigned NOT NULL DEFAULT '1' COMMENT 'å®¢æˆ·å¹´é¾„',
  `sex` varchar(3) COLLATE utf8_unicode_ci NOT NULL COMMENT 'å®¢æˆ·æ€§åˆ«',
  `openid` varchar(50) COLLATE utf8_unicode_ci NOT NULL COMMENT 'ç”¨æˆ·openid',
  `headimg` varchar(100) COLLATE utf8_unicode_ci NOT NULL COMMENT 'ç”¨æˆ·å¤´åƒ',
  `descr` varchar(250) COLLATE utf8_unicode_ci NOT NULL COMMENT 'ç”¨æˆ·å¤‡æ³¨',
  KEY `detailed_base` (`id`)
) ENGINE=InnoDB DEFAULT CHARSET=utf8 COLLATE=utf8_unicode_ci COMMENT='ç”¨æˆ·èµ„æ–™è¯¦ç»†è¡¨';

--
-- è½¬å­˜è¡¨ä¸­çš„æ•°æ® `self_cus_detailed`
--

INSERT INTO `self_cus_detailed` (`id`, `cid`, `tid`, `wx`, `n`, `is_wx`, `money`, `t`, `age`, `sex`, `openid`, `headimg`, `descr`) VALUES
(1, 00001, 0, '2342', 'aaaa', '0', '20', '2018-06-21 14:35:19', 0, 'å¥³', '', '', ''),
(2, 00001, 0, '12345', 'bb31', '0', '0', '2018-06-21 14:38:18', 0, 'ç”·', '', '', ''),
(4, 00001, 0, 'sdfdsf', 'sdfdsf', '0', '0', '2018-08-06 13:16:16', 0, 'å¥³', '', '', ''),
(5, 00002, 0, '', 'sdf', '0', '0', '2018-08-07 12:26:31', 0, 'å¥³', '', '', '');

-- --------------------------------------------------------

--
-- è¡¨çš„ç»“æ„ `self_cus_downline`
--

CREATE TABLE IF NOT EXISTS `self_cus_downline` (
  `id` smallint(5) unsigned NOT NULL AUTO_INCREMENT COMMENT 'æ¨èid',
  `tid` smallint(5) unsigned NOT NULL COMMENT 'æ¨èäººid',
  `phone` char(11) COLLATE utf8_unicode_ci NOT NULL COMMENT 'ä¸‹çº¿æ‰‹æœºå·',
  `wx` varchar(40) COLLATE utf8_unicode_ci NOT NULL COMMENT 'ä¸‹çº¿å¾®ä¿¡å·',
  `n` varchar(20) COLLATE utf8_unicode_ci NOT NULL COMMENT 'ä¸‹çº¿å§“å',
  `age` tinyint(3) unsigned NOT NULL COMMENT 'æ¨èä¸‹çº¿çš„å¹´é¾„',
  `sex` varchar(3) COLLATE utf8_unicode_ci NOT NULL COMMENT 'æ¨èä¸‹çº¿çš„æ€§åˆ«',
  `t` datetime NOT NULL COMMENT 'æ¨èæ—¶é—´',
  `remarks` varchar(250) COLLATE utf8_unicode_ci NOT NULL COMMENT 'å¤‡æ³¨è¯´æ˜',
  `cid` smallint(5) unsigned zerofill NOT NULL COMMENT 'æ¨èäººçš„å’¨è¯¢å¸ˆid',
  `state` varchar(10) COLLATE utf8_unicode_ci NOT NULL DEFAULT '1' COMMENT 'å®¡æ ¸çŠ¶æ€',
  `s_t` datetime NOT NULL COMMENT 'å®¡æ ¸æ—¶é—´',
  `descr` varchar(250) COLLATE utf8_unicode_ci NOT NULL COMMENT 'å®¡æ ¸è¯´æ˜',
  PRIMARY KEY (`id`)
) ENGINE=InnoDB  DEFAULT CHARSET=utf8 COLLATE=utf8_unicode_ci COMMENT='æ¨èä¸‹çº¿è¡¨' AUTO_INCREMENT=6 ;

--
-- è½¬å­˜è¡¨ä¸­çš„æ•°æ® `self_cus_downline`
--

INSERT INTO `self_cus_downline` (`id`, `tid`, `phone`, `wx`, `n`, `age`, `sex`, `t`, `remarks`, `cid`, `state`, `s_t`, `descr`) VALUES
(1, 1, '15254123441', '2323', 'dsfdf', 0, 'å¥³', '2018-06-21 14:44:47', '        ', 00001, '3', '2018-08-03 10:05:35', '33333'),
(3, 2, '', 'sdf', 'dsfdsf', 0, 'å¥³', '2018-08-03 14:56:37', '    ', 00001, '3', '2018-08-03 15:00:17', ''),
(4, 5, '', 'sdfdsfdsf', 'sdfdsf', 0, 'å¥³', '2018-08-07 12:32:42', '    ', 00002, '1', '0000-00-00 00:00:00', ''),
(5, 5, '12345612127', 'xcvfd', 'dfsd', 0, 'å¥³', '2018-09-12 15:08:48', '        ', 00002, '1', '0000-00-00 00:00:00', '');

-- --------------------------------------------------------

--
-- è¡¨çš„ç»“æ„ `self_cus_info`
--

CREATE TABLE IF NOT EXISTS `self_cus_info` (
  `id` smallint(5) unsigned NOT NULL AUTO_INCREMENT COMMENT 'æ¶ˆæ¯é€šçŸ¥id',
  `cid` smallint(5) unsigned NOT NULL COMMENT 'å®¢æˆ·id',
  `easy` varchar(50) COLLATE utf8_unicode_ci NOT NULL COMMENT 'æ¶ˆæ¯ç®€ä»‹',
  `con` varchar(253) COLLATE utf8_unicode_ci NOT NULL COMMENT 'æ¶ˆæ¯å†…å®¹',
  `is_read` char(1) COLLATE utf8_unicode_ci NOT NULL DEFAULT '1' COMMENT 'ç”¨æˆ·æ˜¯å¦è¯»å–,é»˜è®¤1',
  PRIMARY KEY (`id`)
) ENGINE=InnoDB  DEFAULT CHARSET=utf8 COLLATE=utf8_unicode_ci COMMENT='å®¢æˆ·æ¶ˆæ¯é€šçŸ¥è¡¨' AUTO_INCREMENT=7 ;

--
-- è½¬å­˜è¡¨ä¸­çš„æ•°æ® `self_cus_info`
--

INSERT INTO `self_cus_info` (`id`, `cid`, `easy`, `con`, `is_read`) VALUES
(1, 1, '<b>[ aaaa ]</b> ç”¨æˆ·ä½£é‡‘ <b>-20</b> ', '<b>[ aaaa ]</b> ç”¨æˆ·ï¼Œç”±ç®¡ç†å‘˜ <b>admin</b> åœ¨ <b>2018-07-23 17:32:12</b> æ—¶é—´æ›´æ–°ä½£é‡‘ <b>-20</b>\r\n		<br/>ä½£é‡‘æ“ä½œè¯´æ˜: dsfdsfds', '1'),
(2, 1, '<b>[ aaaa ]</b> ç”¨æˆ·ä½£é‡‘ <b>30</b> ', '<b>[ aaaa ]</b> ç”¨æˆ·ï¼Œç”±ç®¡ç†å‘˜ <b>admin</b> åœ¨ <b>2018-07-23 17:32:56</b> æ—¶é—´æ›´æ–°ä½£é‡‘ <b>30</b>\r\n		<br/>ä½£é‡‘æ“ä½œè¯´æ˜: sdfsf', '1'),
(3, 2, '<b>æ‚¨æ¨èçš„[ dsfdsfs ]</b> ç”¨æˆ· <b>æœªé€šè¿‡</b> å®¡æ ¸', '<b>æ‚¨æ¨èçš„[ dsfdsfs ]</b> ç”¨æˆ·ï¼Œç”±ç®¡ç†å‘˜ <b>admin</b> åœ¨ <b></b> æ—¶é—´ <b>æœªé€šè¿‡</b> å®¡æ ¸\r\n		<br/> å®¡æ ¸è¯´æ˜: sdfdsfsf', '2'),
(4, 1, '<b>æ‚¨æ¨èçš„[ dsfdf ]</b> ç”¨æˆ· <b>æœªé€šè¿‡</b> å®¡æ ¸', '<b>æ‚¨æ¨èçš„[ dsfdf ]</b> ç”¨æˆ·ï¼Œç”±ç®¡ç†å‘˜ <b>admin</b> åœ¨ <b>2018-08-03 10:05:35</b> æ—¶é—´ <b>æœªé€šè¿‡</b> å®¡æ ¸\r\n		<br/> å®¡æ ¸è¯´æ˜: 33333', '1'),
(5, 2, '<b>æ‚¨æ¨èçš„[ dsfdsf ]</b> ç”¨æˆ· <b>æœªé€šè¿‡</b> å®¡æ ¸', '<b>æ‚¨æ¨èçš„[ dsfdsf ]</b> ç”¨æˆ·ï¼Œç”±ç®¡ç†å‘˜ <b>admin</b> åœ¨ <b>2018-08-03 15:00:17</b> æ—¶é—´ <b>æœªé€šè¿‡</b> å®¡æ ¸\r\n		<br/> å®¡æ ¸è¯´æ˜: ', '2'),
(6, 1, '<b>[ aaaa ]</b> ç”¨æˆ·ä½£é‡‘ <b>10</b> ', '<b>[ aaaa ]</b> ç”¨æˆ·ï¼Œç”±ç®¡ç†å‘˜ <b>admin</b> åœ¨ <b>2018-09-12 16:09:05</b> æ—¶é—´æ›´æ–°ä½£é‡‘ <b>10</b>\r\n		<br/>ä½£é‡‘æ“ä½œè¯´æ˜: æµ‹è¯•åŠ 10', '1');

-- --------------------------------------------------------

--
-- è¡¨çš„ç»“æ„ `self_cus_money`
--

CREATE TABLE IF NOT EXISTS `self_cus_money` (
  `id` smallint(5) unsigned NOT NULL COMMENT 'å®¢æˆ·id',
  `cid` smallint(5) unsigned zerofill NOT NULL COMMENT 'æ“ä½œå‘˜id',
  `num` varchar(10) COLLATE utf8_unicode_ci NOT NULL COMMENT 'æ“ä½œé‡‘é¢',
  `jine` varchar(250) COLLATE utf8_unicode_ci NOT NULL COMMENT 'æ¯æ¬¡ä¿®æ”¹åçš„é‡‘é¢',
  `t` datetime NOT NULL COMMENT 'æ“ä½œæ—¶é—´',
  `info` varchar(254) COLLATE utf8_unicode_ci NOT NULL COMMENT 'æ“ä½œè¯´æ˜',
  UNIQUE KEY `t` (`t`)
) ENGINE=InnoDB DEFAULT CHARSET=utf8 COLLATE=utf8_unicode_ci COMMENT='ä½£é‡‘è®°å½•è¡¨';

--
-- è½¬å­˜è¡¨ä¸­çš„æ•°æ® `self_cus_money`
--

INSERT INTO `self_cus_money` (`id`, `cid`, `num`, `jine`, `t`, `info`) VALUES
(1, 00001, '-20', '-20', '2018-07-23 17:32:12', 'dsfdsfds'),
(1, 00001, '30', '10', '2018-07-23 17:32:56', 'sdfsf'),
(1, 00001, '10', '20', '2018-09-12 16:09:05', 'æµ‹è¯•åŠ 10');

-- --------------------------------------------------------

--
-- è¡¨çš„ç»“æ„ `self_limit`
--

CREATE TABLE IF NOT EXISTS `self_limit` (
  `id` tinyint(4) unsigned NOT NULL AUTO_INCREMENT COMMENT 'æƒé™ID',
  `n` varchar(30) COLLATE utf8_unicode_ci NOT NULL COMMENT 'æƒé™åç§°',
  `execs` varchar(100) COLLATE utf8_unicode_ci NOT NULL COMMENT 'æƒé™çš„ç±»ä¸æ–¹æ³•',
  `pid` tinyint(4) unsigned NOT NULL COMMENT 'æƒé™åˆ†ç»„',
  PRIMARY KEY (`id`)
) ENGINE=MyISAM  DEFAULT CHARSET=utf8 COLLATE=utf8_unicode_ci COMMENT='æƒé™è¡¨' AUTO_INCREMENT=49 ;

--
-- è½¬å­˜è¡¨ä¸­çš„æ•°æ® `self_limit`
--

INSERT INTO `self_limit` (`id`, `n`, `execs`, `pid`) VALUES
(1, 'ç³»ç»Ÿç®¡ç†', '', 1),
(2, 'ç®¡ç†å‘˜ç®¡ç†', '', 2),
(3, 'å®¢æˆ·ç®¡ç†', '', 3),
(4, 'ç³»ç»Ÿè®¾ç½®', 'sysset', 1),
(5, 'ç³»ç»Ÿè®¾ç½®é¦–é¡µ', 'sysset-index', 1),
(7, 'ç”¨æˆ·ç®¡ç†', 'user', 2),
(8, 'ç”¨æˆ·åˆ—è¡¨', 'user-index', 2),
(9, 'æ·»åŠ ç”¨æˆ·', 'user-add', 2),
(10, 'æ·»åŠ ç”¨æˆ·', 'user-execAdd', 2),
(11, 'ä¿®æ”¹ç”¨æˆ·', 'user-update', 2),
(12, 'ä¿®æ”¹ç”¨æˆ·', 'user-execUate', 2),
(13, 'åˆ é™¤ç”¨æˆ·', 'user-del', 2),
(14, 'è§’è‰²ç®¡ç†', 'role', 2),
(15, 'è§’è‰²åˆ—è¡¨', 'role-index', 2),
(16, 'æ·»åŠ è§’è‰²', 'role-add', 2),
(17, 'æ·»åŠ è§’è‰²', 'role-execAdd', 2),
(18, 'ä¿®æ”¹è§’è‰²', 'role-update', 2),
(19, 'ä¿®æ”¹è§’è‰²', 'role-execUate', 2),
(20, 'åˆ é™¤è§’è‰²', 'role-del', 2),
(21, 'æƒé™ç®¡ç†', 'limit', 2),
(22, 'æƒé™åˆ—è¡¨', 'limit-index', 2),
(23, 'ç”¨æˆ·ä¿¡æ¯', 'personal', 2),
(24, 'ä¸ªäººèµ„æ–™', 'personal-index', 2),
(25, 'å®¢æˆ·ç®¡ç†', 'customer', 3),
(26, 'å®¢æˆ·åˆ—è¡¨', 'customer-index', 3),
(27, 'æ·»åŠ å®¢æˆ·', 'customer-add', 3),
(28, 'æ·»åŠ å®¢æˆ·', 'customer-execAdd', 3),
(29, 'ä¿®æ”¹å®¢æˆ·', 'customer-update', 3),
(30, 'ä¿®æ”¹å®¢æˆ·', 'customer-execUate', 3),
(31, 'åˆ é™¤å®¢æˆ·', 'customer-del', 3),
(32, 'å®¢æˆ·å›æ”¶ç«™', 'recovery', 3),
(33, 'å›æ”¶ç«™åˆ—è¡¨', 'recovery-index', 3),
(34, 'å®¢æˆ·è¿˜åŸ', 'recovery-restore', 3),
(35, 'å®¢æˆ·åˆ é™¤', 'recovery-del', 3),
(36, 'å®¢æˆ·ä¸‹çº¿', 'line', 3),
(37, 'å®¢æˆ·å®¡æŸ¥', 'line-execEnsor', 3),
(38, 'å®¢æœæ¶ˆæ¯', 'info', 3),
(39, 'ä¸‹çº¿åˆ—è¡¨', 'line-index', 3),
(40, 'æ¶ˆæ¯åˆ—è¡¨', 'line-index', 3),
(41, 'å®¢æˆ·å®¡æŸ¥', 'line-censor', 3),
(42, 'å®¢æˆ·ä½£é‡‘', 'money', 3),
(43, 'ä½£é‡‘åˆ—è¡¨', 'money-index', 3),
(44, 'ä¿®æ”¹ä½£é‡‘', 'money-update', 3),
(45, 'ä¿®æ”¹ä½£é‡‘', 'money-execUate', 3),
(46, 'æ–‡ä»¶ç®¡ç†', 'file', 1),
(47, 'æ–‡ä»¶ç®¡ç†é¦–é¡µ', 'file-index', 1),
(48, 'æ–‡ä»¶æ¸…ç†', 'file-file', 1);

-- --------------------------------------------------------

--
-- è¡¨çš„ç»“æ„ `self_role`
--

CREATE TABLE IF NOT EXISTS `self_role` (
  `id` tinyint(4) unsigned NOT NULL AUTO_INCREMENT COMMENT 'è§’è‰²ID',
  `n` varchar(30) COLLATE utf8_unicode_ci NOT NULL COMMENT 'è§’è‰²åç§°',
  `descr` varchar(255) COLLATE utf8_unicode_ci NOT NULL COMMENT 'è§’è‰²æè¿°',
  `limit_id` varchar(255) COLLATE utf8_unicode_ci NOT NULL COMMENT 'æƒé™ID',
  PRIMARY KEY (`id`)
) ENGINE=MyISAM  DEFAULT CHARSET=utf8 COLLATE=utf8_unicode_ci COMMENT='è§’è‰²è¡¨' AUTO_INCREMENT=3 ;

--
-- è½¬å­˜è¡¨ä¸­çš„æ•°æ® `self_role`
--

INSERT INTO `self_role` (`id`, `n`, `descr`, `limit_id`) VALUES
(1, 'è¶…çº§ç®¡ç†å‘˜', 'æ‹¥æœ‰æ‰€æœ‰æƒé™', '-1'),
(2, 'ä¸»ç®¡', '', '2,7,8,9,10,11,12,13,21,22,23,24,3,25,26,27,28,29,30,31,32,33,34,35,36,37,39,40,41,38,42,43,44,45');

-- --------------------------------------------------------

--
-- è¡¨çš„ç»“æ„ `self_user`
--

CREATE TABLE IF NOT EXISTS `self_user` (
  `id` smallint(5) unsigned zerofill NOT NULL AUTO_INCREMENT COMMENT 'ç”¨æˆ·ç¼–å·',
  `u_name` varchar(20) COLLATE utf8_unicode_ci NOT NULL COMMENT 'ç”¨æˆ·åç§°',
  `u_pass` varchar(32) COLLATE utf8_unicode_ci NOT NULL COMMENT 'ç”¨æˆ·å¯†ç ',
  `bumen` varchar(30) COLLATE utf8_unicode_ci NOT NULL COMMENT 'äººå‘˜æ‰€åœ¨éƒ¨é—¨',
  `role_id` tinyint(2) unsigned NOT NULL COMMENT 'ç”¨æˆ·è§’è‰²ID',
  `times` varchar(30) COLLATE utf8_unicode_ci NOT NULL COMMENT 'ç™»å½•æ—¶é—´',
  `found` smallint(5) unsigned zerofill NOT NULL COMMENT 'ç”¨æˆ·åˆ›å»ºäºº,éƒ¨ä½ç®¡ç†äººå‘˜',
  `mail` varchar(50) COLLATE utf8_unicode_ci NOT NULL COMMENT 'ç”¨äºå¿˜è®°å¯†ç æ—¶ç”¨æˆ·æ‰¾å›å¯†ç ',
  `is_jihuo` varchar(30) COLLATE utf8_unicode_ci NOT NULL DEFAULT '0' COMMENT 'é‚®ç®±æ˜¯å¦æ¿€æ´»',
  PRIMARY KEY (`id`)
) ENGINE=InnoDB  DEFAULT CHARSET=utf8 COLLATE=utf8_unicode_ci COMMENT='ç”¨æˆ·è¡¨' AUTO_INCREMENT=3 ;

--
-- è½¬å­˜è¡¨ä¸­çš„æ•°æ® `self_user`
--

INSERT INTO `self_user` (`id`, `u_name`, `u_pass`, `bumen`, `role_id`, `times`, `found`, `mail`, `is_jihuo`) VALUES
(00001, 'admin', 'be33d98a0d9f0dfc2d4b52f64a4603a2', 'ä¸å—é™', 1, '1536740914', 00001, '1922527784@qq.com', '1'),
(00002, 'aaa', 'be33d98a0d9f0dfc2d4b52f64a4603a2', 'ä¸»ç®¡', 2, '1533616050', 00001, '', '0');

-- --------------------------------------------------------

--
-- è¡¨çš„ç»“æ„ `self_user_fj`
--

CREATE TABLE IF NOT EXISTS `self_user_fj` (
  `id` smallint(5) unsigned zerofill NOT NULL COMMENT 'ç®¡ç†id',
  `phone` varchar(11) COLLATE utf8_unicode_ci NOT NULL COMMENT 'æ‰‹æœºå·',
  `wx` varchar(40) COLLATE utf8_unicode_ci NOT NULL COMMENT 'å¾®ä¿¡å·',
  `info` varchar(200) COLLATE utf8_unicode_ci NOT NULL COMMENT 'ä¸ªäººè¯´æ˜',
  `meg` tinyint(4) NOT NULL COMMENT 'æ¶ˆæ¯é€šçŸ¥ä¸ªæ•°',
  UNIQUE KEY `id` (`id`)
) ENGINE=InnoDB DEFAULT CHARSET=utf8 COLLATE=utf8_unicode_ci COMMENT='ç®¡ç†å‘˜ä¿¡æ¯é™„åŠ è¡¨';

--
-- è½¬å­˜è¡¨ä¸­çš„æ•°æ® `self_user_fj`
--

INSERT INTO `self_user_fj` (`id`, `phone`, `wx`, `info`, `meg`) VALUES
(00001, '', '', '', -1),
(00002, '', '', 'â˜†â˜†â˜†â˜†â˜† é¢œå­—ç¬¦Ï†(>Ï‰<*)', 2);

--
-- é™åˆ¶å¯¼å‡ºçš„è¡¨
--

--
-- é™åˆ¶è¡¨ `self_cus_detailed`
--
ALTER TABLE `self_cus_detailed`
  ADD CONSTRAINT `detailed_base` FOREIGN KEY (`id`) REFERENCES `self_cus_base` (`id`) ON DELETE CASCADE ON UPDATE CASCADE;

--
-- é™åˆ¶è¡¨ `self_user_fj`
--
ALTER TABLE `self_user_fj`
  ADD CONSTRAINT `fj_user` FOREIGN KEY (`id`) REFERENCES `self_user` (`id`) ON DELETE CASCADE ON UPDATE CASCADE;

/*!40101 SET CHARACTER_SET_CLIENT=@OLD_CHARACTER_SET_CLIENT */;
/*!40101 SET CHARACTER_SET_RESULTS=@OLD_CHARACTER_SET_RESULTS */;
/*!40101 SET COLLATION_CONNECTION=@OLD_COLLATION_CONNECTION */;
